<?xml version="1.0" encoding="UTF-8"?><?xml-stylesheet type='text/xsl' href='_UpgradeReport_Files/UpgradeReport.xslt'?><UpgradeLog>
<Properties><Property Name="Solution" Value="MOB_WEB">
</Property><Property Name="方案檔" Value="F:\ddsc\project\統一\中台查詢\AS400WEB\V1.0.0.43\MOB_WEB\MOB_WEB.sln">
</Property><Property Name="使用者選項檔" Value="F:\ddsc\project\統一\中台查詢\AS400WEB\V1.0.0.43\MOB_WEB\MOB_WEB.suo">
</Property><Property Name="Date" Value="2018年1月16日">
</Property><Property Name="Time" Value="下午 15:05">
</Property></Properties><Event ErrorLevel="0" Project="" Source="MOB_WEB.sln" Description="檔案已成功備份為 F:\ddsc\project\統一\中台查詢\AS400WEB\V1.0.0.43\MOB_WEB\Backup\MOB_WEB.sln">
</Event><Event ErrorLevel="0" Project="" Source="MOB_WEB.suo" Description="檔案已成功備份為 F:\ddsc\project\統一\中台查詢\AS400WEB\V1.0.0.43\MOB_WEB\Backup\MOB_WEB.suo">
</Event><Event ErrorLevel="0" Project="" Source="MOB_WEB.sln" Description="方案轉換成功">
</Event><Event ErrorLevel="3" Project="" Source="MOB_WEB.sln" Description="Converted">
</Event></UpgradeLog>