﻿<?xml version="1.0" encoding="utf-8" ?>
<MOBQStore>
  <MOBQFunction PROG_ID="MOBQ000" DIRECTORY="~/MOB/MOBQ000.aspx"></MOBQFunction>
  
  <MOBQFunction PROG_ID="MOBQ010" DIRECTORY="~/MOB/MOBQ010.aspx"></MOBQFunction>
  <MOBQFunction PROG_ID="MOBQ020" DIRECTORY="~/MOB/MOBQ020.aspx"></MOBQFunction>
  <MOBQFunction PROG_ID="MOBQ030" DIRECTORY="~/MOB/MOBQ030.aspx"></MOBQFunction>
  <MOBQFunction PROG_ID="MOBQ040" DIRECTORY="~/MOB/MOBQ040.aspx"></MOBQFunction>
  <MOBQFunction PROG_ID="MOBQ041" DIRECTORY="~/MOB/MOBQ041.aspx"></MOBQFunction>
  <MOBQFunction PROG_ID="MOBQ050" DIRECTORY="~/MOB/MOBQ050.aspx"></MOBQFunction>
  <MOBQFunction PROG_ID="MOBQ060" DIRECTORY="~/MOB/MOBQ060.aspx"></MOBQFunction>
  <MOBQFunction PROG_ID="TEST3000" DIRECTORY="~/MOB/TEST3000.aspx"></MOBQFunction>
</MOBQStore>